Tandem repeat	Frequency
CCAGAAAAAC	2.545307116465824
AAAAATGAGTA	2.359835482339888
AAAAAACCAG	2.303196057420489
ACTGGTC	2.2278867046136734
TTTTGAAAAATT	2.2095150145426308
TTCAAAAAAATT	2.110589710299249
GAAGAG	2.1072099696478683
GAATATTC	2.0644579892269186
ACTTAACCTA	2.0644579892269186
CTCCTT	2.0569048513364727
TTCTTCTCC	2.05307844348342
CCCCTCCC	2.0492180226701815
CTCCCCC	2.0453229787866576
CCTCCCCCC	2.0293837776852097
GGAGAG	2.0211892990699383
GAGGGAGGAGA	2.0
CTCCCCCCCC	1.9867717342662448
AGAGGAGGA	1.9731278535996986
AAAAGG	1.9344984512435677
CCGCTCGC	1.9344984512435677
TCCCCCCCCCC	1.919078092376074
CCTCCC	1.9138138523837167
TTATACCC	1.9138138523837167
CCTCTCTC	1.8976270912904414
CCCCTCCCCCCC	1.8692317197309762
CTTTTCC	1.8260748027008264
GGAGGAGGT	1.8195439355418688
TTTTCT	1.8195439355418688
GAAAAGTTGCA	1.8129133566428555
CCCTTTA	1.7708520116421442
TTGAACGGGTA	1.7634279935629373
GTCTTAAAGAC	1.7634279935629373
CAGAAACGTTG	1.7558748556724915
GAGAGA	1.7481880270062005
TCTCTTTC	1.7323937598229686
CCTCTTCTT	1.7075701760979363
TTCCCT	1.6812412373755872
TACGACATT	1.662757831681574
GAGAAGGAG	1.662757831681574
TTATTATTTTT	1.6434526764861874
CTGCAGCTGCAC	1.6434526764861874
CTTTTTC	1.6334684555795866
GTTCGATACAC	1.6232492903979006
TCTTTC	1.6127838567197355
CTCCCTCTCT	1.6127838567197355
TTTCAT	1.6020599913279625
CTTCTTCT	1.591064607026499
CTCGTTCG	1.5797835966168101
GAGGGC	1.5797835966168101
GGGAGCG	1.5797835966168101
CTGCTC	1.5797835966168101
TCTCTTTCTC	1.568201724066995
CATTTCTT	1.568201724066995
TCCTTG	1.5563025007672873
TCTCCACCT	1.5563025007672873
TCCTCCG	1.5185139398778875
TTCTGGGTTA	1.5185139398778875
CTCCACCAC	1.5185139398778875
AGAGAGGGAGAG	1.505149978319906
TCGTCCTCC	1.4913616938342726
TCGTCC	1.4913616938342726
TTTTTTTC	1.4913616938342726
TGTTTCTT	1.4771212547196624
ATTTTCC	1.4771212547196624
TTTTCTT	1.462397997898956
CCACTT	1.462397997898956
ACCTCC	1.462397997898956
TTCTTCT	1.462397997898956
CACGAAATGAAA	1.4471580313422192
CCGCTC	1.4471580313422192
ATAAAAATACG	1.4471580313422192
CGCCTCCGC	1.4471580313422192
AAAGTT	1.4313637641589874
GCAACCAA	1.4313637641589874
CCCCCCCAC	1.4313637641589874
GAACGG	1.4313637641589874
CCACCCCCCC	1.414973347970818
AACTCAGAAA	1.414973347970818
CGCCTT	1.414973347970818
CGAAGA	1.3979400086720377
CTCCTTCTG	1.3979400086720377
CCCCCA	1.380211241711606
ATAGTAAG	1.380211241711606
TATTCGAATAC	1.380211241711606
TTTTTG	1.380211241711606
ACTGACACGGA	1.380211241711606
TCGTTTGTCCA	1.3617278360175928
GTCGGTCGC	1.3617278360175928
TTTTTACA	1.3617278360175928
TCCTTCT	1.3424226808222062
GAAGAAAAG	1.3424226808222062
AGAAGA	1.3424226808222062
CTTCTCT	1.3424226808222062
CTGTTG	1.3222192947339193
TACCCGGG	1.3222192947339193
TTCCTTCC	1.3222192947339193
TTTTCTTC	1.3222192947339193
GTGCAAGG	1.3222192947339193
TAGGTTAAGA	1.3222192947339193
TAAAGTAAAAGG	1.3010299956639813
CCCCCCCCACC	1.3010299956639813
CCCCCCTCTCC	1.2787536009528289
CCTCCTCCCCC	1.2787536009528289
CTTCCCTTTCCC	1.2787536009528289
GAGAGAGGG	1.2787536009528289
TTCTGT	1.255272505103306
TTTTATCGTGT	1.255272505103306
CCTTACGTCTA	1.255272505103306
CTCCTCCTCTTC	1.255272505103306
CCTCCCTCCCCC	1.255272505103306
TACCAC	1.255272505103306
TCGTCCTCG	1.255272505103306
ATCACCCCC	1.2304489213782739
AGGGTGA	1.2304489213782739
CCCACCCC	1.2304489213782739
TTTTTCTTT	1.2304489213782739
TCTTTTTTTT	1.2304489213782739
AGAGGAGGC	1.2304489213782739
CCCCCTCCT	1.2304489213782739
TCTCCTTCCTCA	1.2304489213782739
CCGTCT	1.2304489213782739
ATGAAAT	1.2041199826559248
CTCCTCCT	1.2041199826559248
CTCATCGTC	1.2041199826559248
AAGAAGACG	1.2041199826559248
AAGGGTGT	1.2041199826559248
TATTCGAAT	1.2041199826559248
AAAAAAACAA	1.2041199826559248
GCCTTCT	1.2041199826559248
TCTCCCCCCC	1.2041199826559248
TCTACTATC	1.2041199826559248
TTATCA	1.2041199826559248
TTTTCTAC	1.2041199826559248
TGGGCT	1.2041199826559248
TTCCTG	1.2041199826559248
TGTCGCTTC	1.2041199826559248
AAAATAATAAT	1.2041199826559248
AAAAATG	1.2041199826559248
GGTTTATCTG	1.1760912590556813
CCCTCTAT	1.1760912590556813
TTCTCTCC	1.1760912590556813
CCCTCTCCC	1.1760912590556813
CGTTTTTG	1.1760912590556813
CTCGTT	1.1760912590556813
GGCGAGAGAGC	1.1760912590556813
AAGAATGTAAA	1.1760912590556813
TTTTATACAGT	1.1760912590556813
CTCCCCCT	1.1760912590556813
AATAACCAAA	1.146128035678238
CTTCTTCTG	1.146128035678238
AAAGGAAAAG	1.146128035678238
CTTCCTCCCCG	1.146128035678238
CCCCCCCCCCAC	1.146128035678238
CCTCCCCTC	1.146128035678238
ATTCGGCGCGC	1.146128035678238
CGACCA	1.146128035678238
CGTCGC	1.146128035678238
GGTTCTC	1.146128035678238
ATAGAGAG	1.146128035678238
TTACATTC	1.146128035678238
GGCGTC	1.146128035678238
TATGTTTAA	1.146128035678238
GGAGGA	1.146128035678238
CCCCCCCTTC	1.146128035678238
CGAATGTT	1.146128035678238
GAACGTGAATC	1.146128035678238
AAGGAACAGGAA	1.146128035678238
CACGGGA	1.1139433523068367
TTTTTTTTA	1.1139433523068367
AATAATAAAA	1.1139433523068367
AAGAAGGAGGAG	1.1139433523068367
TTTCTTCTTCT	1.1139433523068367
CTCTTTCTCTCT	1.1139433523068367
CGCTCGCCCGCT	1.1139433523068367
TTGAACATCTA	1.1139433523068367
CATCTTCCT	1.1139433523068367
GAGATAGAGACC	1.1139433523068367
ATACATGTTCA	1.1139433523068367
AAAAAAAAC	1.1139433523068367
ACAATT	1.1139433523068367
GAAGGTGGAG	1.1139433523068367
CCCCTCCCTC	1.1139433523068367
CTTGCCTC	1.1139433523068367
CTCGCCGCAT	1.1139433523068367
TGAACGTGTAT	1.1139433523068367
ATCACCGCC	1.1139433523068367
CAGCCGC	1.1139433523068367
TCCCCCCTCC	1.1139433523068367
TCTCCCTCT	1.1139433523068367
CTCCCTC	1.1139433523068367
CCCCCTCCCTC	1.1139433523068367
AAAAAAAATA	1.0791812460476249
GAAGCG	1.0791812460476249
CATCTT	1.0791812460476249
ACCTACCTA	1.0791812460476249
CGAATGAA	1.0791812460476249
TCCGCTTCT	1.0791812460476249
ACGAGGAAG	1.0791812460476249
TTTTTTCTC	1.0791812460476249
CATATA	1.0791812460476249
AAGTCTTGA	1.0791812460476249
ATCTTCTC	1.0791812460476249
CCCTCTTCC	1.0791812460476249
AAACGAGAAGGA	1.0791812460476249
CTTCTCA	1.0791812460476249
GATGAC	1.041392685158225
CTCGCTCCCCCG	1.041392685158225
TCTCTTTT	1.041392685158225
CCTTCCCCC	1.041392685158225
CCCCCCCCTCCT	1.041392685158225
GAGAGAGAGC	1.041392685158225
TAAAAAAA	1.041392685158225
AGAAAAGGAA	1.041392685158225
TCTTTTTTTTTT	1.041392685158225
AAGGAGGA	1.041392685158225
GAAAACCCA	1.041392685158225
CCTTTTCT	1.041392685158225
ACCCCCC	1.041392685158225
AAAACAT	1.041392685158225
GGAAAT	1.041392685158225
AATAAAA	1.041392685158225
AGAGAGAG	1.041392685158225
GGAGAAGGC	1.041392685158225
TTGAACGGCT	1.041392685158225
ACAAAC	1.041392685158225
AAGGAAGAAA	1.041392685158225
TTTTCTCTC	1.041392685158225
CTCTCACC	1.041392685158225
AAAAAACAAAA	1.0
ATGATGAT	1.0
AACTCTC	1.0
AACTAA	1.0
CAAAGG	1.0
TATGGATG	1.0
CCTACTAAT	1.0
ATCGACGAA	1.0
CCTCCGCTTT	1.0
CCCCTCTCCCCC	1.0
TTTCTTTCTT	1.0
GAAGGAAC	1.0
TTTTCTC	1.0
GGTTTTTTCTG	1.0
ACTTCCC	1.0
TTTCTTCG	1.0
TTAATGATCT	1.0
AATTATTCGA	1.0
GATGAAGAA	1.0
CCTCCTCC	1.0
TGCTTC	1.0
TATCTATT	1.0
CTTCCCCCCCCC	1.0
ACGACA	1.0
CTTTCTTC	1.0
GTAAAAGGAA	1.0
AGGCTCGGA	0.9542425094393249
ACTTAACCTACA	0.9542425094393249
GAATCGCTTC	0.9542425094393249
CGTTGC	0.9542425094393249
TCGCCTCTT	0.9542425094393249
AACTATGTAC	0.9542425094393249
GTCGCCGCAGTC	0.9542425094393249
GAGAGATAGA	0.9542425094393249
GGATGC	0.9542425094393249
AGGAGAGAAA	0.9542425094393249
GAGAGAGAGA	0.9542425094393249
ACGTTTTCAGG	0.9542425094393249
TTGTAAT	0.9542425094393249
CCGCCTCCTCCT	0.9542425094393249
TCCTCCACGTC	0.9542425094393249
AAGAAAAC	0.9542425094393249
CCACCG	0.9542425094393249
AAAAAGAAAAA	0.9542425094393249
TTCTTCTTCCTC	0.9542425094393249
TTTTTACTCA	0.9542425094393249
GGCGTTGAT	0.9542425094393249
AAAACGTCCAG	0.9542425094393249
CCTTCCA	0.9542425094393249
GAGAGAGGGG	0.9542425094393249
CCCCTCCCCCT	0.9542425094393249
GCGAGCGAGG	0.9542425094393249
GTGGAGGCG	0.9542425094393249
TGGTTTTTTT	0.9542425094393249
ACTTCCTT	0.9542425094393249
CTTTTTACTTTA	0.9542425094393249
TCTTATTTCA	0.9542425094393249
CTTCTACTT	0.9030899869919435
AAGAAGGGT	0.9030899869919435
GGAGGAGCTGGA	0.9030899869919435
GAATAAC	0.9030899869919435
CGAGAG	0.9030899869919435
TGTTTTAT	0.9030899869919435
GCCTTTT	0.9030899869919435
AATTTTCA	0.9030899869919435
AAAGAGGAAGA	0.9030899869919435
CGTTGCAGCAA	0.9030899869919435
GGTTTTTCT	0.9030899869919435
CTCTCCTCTCT	0.9030899869919435
CTTCTTTC	0.9030899869919435
TCACTCTC	0.9030899869919435
TTTTTTTCTG	0.9030899869919435
TTTCTGT	0.9030899869919435
GAAAAACA	0.9030899869919435
TAGTAGGA	0.9030899869919435
TCCTTCGCT	0.9030899869919435
CCTTCCTTC	0.9030899869919435
TCTTCTCTC	0.9030899869919435
AACAAT	0.9030899869919435
CTCCTTT	0.9030899869919435
AAAGGGTG	0.9030899869919435
AAAGGAGGC	0.9030899869919435
GGACGAGGGA	0.9030899869919435
AACGCAAAACGC	0.9030899869919435
TCGTTTGCCCA	0.9030899869919435
TCCCCCTCCCTC	0.9030899869919435
CAGTAG	0.9030899869919435
TTTTTTCTG	0.9030899869919435
CCCCCCTT	0.9030899869919435
TCGAATTAC	0.9030899869919435
TCTTCACCCACT	0.9030899869919435
GCTTCTCG	0.9030899869919435
GCGGCGCGTATC	0.9030899869919435
CTCTTCTTCT	0.9030899869919435
TCTCCTCATA	0.9030899869919435
TTCTTTTCCTTC	0.8450980400142568
CTCGCCACG	0.8450980400142568
CTCCTCTCC	0.8450980400142568
ATTTTTTACTA	0.8450980400142568
AAATACCCAA	0.8450980400142568
AGAACGAG	0.8450980400142568
TTCTAAGACGTC	0.8450980400142568
TCTTCTG	0.8450980400142568
CTTCCTTCCTTC	0.8450980400142568
CCCCTCCCCCCT	0.8450980400142568
GAGGAGAGAGTT	0.8450980400142568
TAGGAATGGG	0.8450980400142568
GAGAGAGTGGAG	0.8450980400142568
CCATTA	0.8450980400142568
TTTTTTTTTCTC	0.8450980400142568
TTTCTTTA	0.8450980400142568
CCTTCCT	0.8450980400142568
CCTCCCTCCT	0.8450980400142568
CCCCCCCCCG	0.8450980400142568
CTCCCCTT	0.8450980400142568
AGAAGGAAAGA	0.8450980400142568
TACCCTC	0.8450980400142568
CTCTCTTTTTCT	0.8450980400142568
TGGATGA	0.8450980400142568
CTCTCA	0.8450980400142568
AAGAAGAAT	0.8450980400142568
TTTTCTCTTC	0.8450980400142568
TTTTTTCTTC	0.8450980400142568
CTCTCTCCCTCC	0.8450980400142568
CTTCCTTCGC	0.8450980400142568
CTCCTTTCCTCT	0.8450980400142568
GAGCGGAGGAG	0.8450980400142568
AAAAAATTAAA	0.8450980400142568
GCCCCTCCGGC	0.8450980400142568
GGCAACGGC	0.8450980400142568
GGGAGAAAA	0.8450980400142568
CTTCTCCTTCTT	0.8450980400142568
CAGAGAGG	0.8450980400142568
AATACATATTAC	0.8450980400142568
ACACTCT	0.8450980400142568
ACCCTTATAT	0.8450980400142568
TTTACCTT	0.8450980400142568
CCTTCCAT	0.7781512503836436
TTTTCTGGTTT	0.7781512503836436
CCTGGT	0.7781512503836436
AAGAAGAATAAG	0.7781512503836436
TCTCCTCTC	0.7781512503836436
CTTCTCCTTATC	0.7781512503836436
TTTTTTTTTTA	0.7781512503836436
ATGAGGGGAG	0.7781512503836436
GCCACCTCC	0.7781512503836436
TGGTAGTGG	0.7781512503836436
TCGTCTCGCT	0.7781512503836436
AATAAAAAAAAT	0.7781512503836436
AGGGAAAG	0.7781512503836436
TATGTTTG	0.7781512503836436
TTCCTCT	0.7781512503836436
CTCTCCTTCG	0.7781512503836436
CTCCCCT	0.7781512503836436
TCCTTCTTTCCT	0.7781512503836436
GGTGCG	0.7781512503836436
AAGAGGAGAAGA	0.7781512503836436
GAAATAGA	0.7781512503836436
TTTGTAGACGTC	0.7781512503836436
GAGGGATTG	0.7781512503836436
TTTTCTTTC	0.7781512503836436
GTCCAA	0.7781512503836436
TTTTTACACAT	0.7781512503836436
TTTTCAATTAT	0.7781512503836436
GATAAGAAGGAC	0.7781512503836436
TTAACAA	0.7781512503836436
ATGTTT	0.7781512503836436
TTTTTTCTGAG	0.7781512503836436
TCCCTCTTTC	0.7781512503836436
TTTCAAAA	0.7781512503836436
AAATAAGG	0.7781512503836436
TCCCTCCTG	0.7781512503836436
AAAAGGAAAACG	0.7781512503836436
AAAAACAAAAAA	0.7781512503836436
AAATATC	0.7781512503836436
TCTTTTAGTC	0.7781512503836436
TTCTCTTTC	0.7781512503836436
ACGACGCGA	0.7781512503836436
GTAAGT	0.7781512503836436
GGAGAAAG	0.7781512503836436
AATGAGG	0.7781512503836436
CGATAGATGTT	0.7781512503836436
GCAACGTTTCA	0.7781512503836436
AGAGACAG	0.7781512503836436
TGGTGC	0.7781512503836436
CAGAAGACAA	0.7781512503836436
GTTCTCTGT	0.7781512503836436
TTTTCTTTTTC	0.7781512503836436
TAAAAGG	0.7781512503836436
AAACGC	0.7781512503836436
AAGTTGCGGCA	0.7781512503836436
AGAAGACAAG	0.7781512503836436
AACGAAGAG	0.7781512503836436
AGCATC	0.7781512503836436
GGAAAGAGGA	0.7781512503836436
AGTAGAGA	0.7781512503836436
GGAGCAAA	0.7781512503836436
CCCTCCTCTC	0.7781512503836436
TATTCT	0.7781512503836436
ACTTTACTCTTT	0.7781512503836436
TAGGTTAAGTA	0.7781512503836436
TTCTAC	0.6989700043360189
GGGCGAAGGA	0.6989700043360189
GAGCGGGGGGC	0.6989700043360189
CCTCTTCT	0.6989700043360189
GGAGGC	0.6989700043360189
AGCAAGAGG	0.6989700043360189
AGGACGGG	0.6989700043360189
TGCGGAGAAGCC	0.6989700043360189
TATTCTTAT	0.6989700043360189
CTCTTCTCTC	0.6989700043360189
CTCTTCTTT	0.6989700043360189
TTTCTGGGTTA	0.6989700043360189
AGAAAGAGAAGG	0.6989700043360189
TAAAAT	0.6989700043360189
TTTTTTTTAATT	0.6989700043360189
TACCTTCTACTT	0.6989700043360189
TCTTTCTTTCT	0.6989700043360189
GAAAATAGAAG	0.6989700043360189
CTCTTCGTC	0.6989700043360189
GGGAGCAGTGC	0.6989700043360189
GCGAGAGAGAGA	0.6989700043360189
AGTATTCG	0.6989700043360189
TCCTTCCCC	0.6989700043360189
TATTTCTGGT	0.6989700043360189
CCCCCCCCCTT	0.6989700043360189
GTTTTCTTCCTC	0.6989700043360189
CGGGAC	0.6989700043360189
TCCTCCTCTCCC	0.6989700043360189
ACTATCAT	0.6989700043360189
TTTTTTCTTTC	0.6989700043360189
CCTCATCCT	0.6989700043360189
AATTTTTAA	0.6989700043360189
TCACACT	0.6989700043360189
CTCGCCTCTC	0.6989700043360189
TCACTTT	0.6989700043360189
AAGTAGAAGAGA	0.6989700043360189
TTTTCCTTCTTA	0.6989700043360189
TTTTTTCTCTC	0.6989700043360189
GTGCCAAAGAAA	0.6989700043360189
TTTTTCTTC	0.6989700043360189
GCGAGCCTGG	0.6989700043360189
CCCCACCCACC	0.6989700043360189
TTTTTCTCTC	0.6989700043360189
CTATTC	0.6989700043360189
TTTTTTTTCTTC	0.6989700043360189
TTTTTTTTCTG	0.6989700043360189
CTCGTTCA	0.6989700043360189
CGGCGGTAA	0.6989700043360189
ACTCATTTTTTA	0.6989700043360189
CTCAGCCCTC	0.6989700043360189
AGTCAA	0.6989700043360189
TTTTTTTTTTTA	0.6989700043360189
GCAGAGAGT	0.6989700043360189
AGAGAGCG	0.6989700043360189
CATTTA	0.6989700043360189
AGAGAGAGAGGA	0.6989700043360189
TTTTATGT	0.6989700043360189
CTCTCCG	0.6989700043360189
AGTAGAGGT	0.6989700043360189
GAGCTC	0.6989700043360189
CGGGAGCGGGAA	0.6989700043360189
TTTCCCAA	0.6989700043360189
TGTTGCTGT	0.6989700043360189
TTTTTTACTCAT	0.6989700043360189
TCTCTCCTA	0.6989700043360189
TCTCCGTAT	0.6989700043360189
ATCTTCATC	0.6989700043360189
AAGGGTC	0.6989700043360189
GGACTACAACT	0.6989700043360189
TTTTCCCGTTCC	0.6989700043360189
TGAGAAGGAGGT	0.6989700043360189
TTGAACGGGT	0.6020599913279624
TTCTTCTTTGGC	0.6020599913279624
TCCGATATTT	0.6020599913279624
TTGAAGAAGAG	0.6020599913279624
TCCTCCTTTCC	0.6020599913279624
TCTATTTTTTC	0.6020599913279624
TCCCTCTG	0.6020599913279624
TCCCTCCG	0.6020599913279624
TCCCGTTGTT	0.6020599913279624
TCACTCTCTC	0.6020599913279624
TCCTCCGCTTCC	0.6020599913279624
TCGTCGTCT	0.6020599913279624
TGGAGCAGAA	0.6020599913279624
TCGTCCGCTC	0.6020599913279624
TCCTTGTCTTTG	0.6020599913279624
TCCTTCTTG	0.6020599913279624
TCCTCTTCA	0.6020599913279624
TGGTTTCGCC	0.6020599913279624
CTTTTTACTTTG	0.6020599913279624
TTGGATTA	0.6020599913279624
TGTCCCAAAG	0.6020599913279624
TTTAGCTCCT	0.6020599913279624
TTTTTCAG	0.6020599913279624
TTTTTTCTTGC	0.6020599913279624
TTTTTCTCC	0.6020599913279624
TTTTCAG	0.6020599913279624
TTTTGAT	0.6020599913279624
TTTTCTTA	0.6020599913279624
TTACATATA	0.6020599913279624
TTCTGA	0.6020599913279624
TTCCTTTTGC	0.6020599913279624
TTGTTTTTA	0.6020599913279624
TGATAATA	0.6020599913279624
GATAGT	0.6020599913279624
TCTCTCC	0.6020599913279624
GAGTCC	0.6020599913279624
ATTGAACGGCT	0.6020599913279624
CAGCAGCAACAG	0.6020599913279624
AGTAGTCCCTG	0.6020599913279624
AAATATAA	0.6020599913279624
CGGCGGTGG	0.6020599913279624
AACGGT	0.6020599913279624
ACTTAACCTATA	0.6020599913279624
ATCCTCTGT	0.6020599913279624
ATACATTTT	0.6020599913279624
CCCCCCG	0.6020599913279624
ATCTTGCT	0.6020599913279624
CAAAAAAA	0.6020599913279624
CACCCTCA	0.6020599913279624
AATTCTTC	0.6020599913279624
AATATAAAAG	0.6020599913279624
ACTAAAA	0.6020599913279624
TCTCTCAGC	0.6020599913279624
ACTCTA	0.6020599913279624
TAAAAAAAAT	0.6020599913279624
TACATCT	0.6020599913279624
AAATGTG	0.6020599913279624
AAAGAAGAAG	0.6020599913279624
TATCATTT	0.6020599913279624
TAGCGTTAGCTT	0.6020599913279624
TATTTTG	0.6020599913279624
TCATAAG	0.6020599913279624
AGAGCA	0.6020599913279624
ATTATTT	0.6020599913279624
CCGTATGTTCA	0.6020599913279624
GAGGGAGGA	0.6020599913279624
TATATTTTAC	0.6020599913279624
GCTGGAAGGA	0.6020599913279624
GCTGCTGTT	0.6020599913279624
GCTGATTT	0.6020599913279624
GCTCTTTC	0.6020599913279624
GCGGGGGGGGGG	0.6020599913279624
CTCCTCCTCCAC	0.6020599913279624
CTCCTCCCCTC	0.6020599913279624
GAGATTTT	0.6020599913279624
GTTTCTAA	0.6020599913279624
GTTGACG	0.6020599913279624
TATAGG	0.6020599913279624
TATTCAAA	0.6020599913279624
TAGTATAA	0.6020599913279624
AATAAACGA	0.6020599913279624
TACTCCCACTCG	0.6020599913279624
TACGTGTATTA	0.6020599913279624
TACGCGGC	0.6020599913279624
GTTAGG	0.6020599913279624
GGCGGCGGAGGC	0.6020599913279624
GGTAGGAGA	0.6020599913279624
TCTCTCTTTCT	0.6020599913279624
GGGTGGAC	0.6020599913279624
GGTCTCGTT	0.6020599913279624
GGTGATGGT	0.6020599913279624
GGTTGA	0.6020599913279624
ACGAGAGC	0.6020599913279624
TCTCGTT	0.6020599913279624
GACACAGAG	0.6020599913279624
CTTCTCCTTTCC	0.6020599913279624
CTATTTTCTTC	0.6020599913279624
CAAAATTGCGT	0.6020599913279624
CTACTTCCA	0.6020599913279624
CTTCCCC	0.6020599913279624
TATACTTATAC	0.6020599913279624
TCATCC	0.6020599913279624
GAGCAGGAGGAG	0.6020599913279624
TTCTCTTCTTCT	0.6020599913279624
CGAGCAA	0.6020599913279624
ACGAGCCGA	0.6020599913279624
AAATAGAAAGAT	0.6020599913279624
CTAACCTAAAA	0.6020599913279624
GCAAGTATGCC	0.6020599913279624
TCTTTCTCTT	0.6020599913279624
CTTCTCTTTT	0.6020599913279624
GGTGGATC	0.6020599913279624
GTTCCA	0.6020599913279624
ACTTAACCTAA	0.6020599913279624
CGTCCTAAAAA	0.6020599913279624
CCTTTGTCC	0.6020599913279624
TTAATAATCT	0.6020599913279624
CGCCCGCACGCT	0.6020599913279624
CCCCCCCTTT	0.6020599913279624
AAATAGG	0.6020599913279624
AATAAATAAA	0.6020599913279624
CGCCACCAC	0.6020599913279624
CCTTCTC	0.6020599913279624
AGAGAGAGGC	0.6020599913279624
TTCTTCTCTTTT	0.6020599913279624
CCCCTCCCCTCT	0.6020599913279624
CGTTTACCAA	0.6020599913279624
TCCGTTTCGTGC	0.6020599913279624
CGTTCTT	0.6020599913279624
TTCTGGGTTTA	0.6020599913279624
CTCTTCTA	0.6020599913279624
CCCCCCTCCCA	0.6020599913279624
TCTTTCTTTCTC	0.6020599913279624
ATACCCGTTCG	0.6020599913279624
TCTTTTAC	0.6020599913279624
GGATGCGAGA	0.6020599913279624
AAAGTG	0.6020599913279624
AATAGAA	0.6020599913279624
TTTTAAAAAAAA	0.6020599913279624
CCACCGCTTC	0.6020599913279624
CTACTTCTACTC	0.6020599913279624
CCTCTCACCCTC	0.6020599913279624
CTTCTTGTG	0.6020599913279624
AAAAAAC	0.6020599913279624
CTTCTTCCTCAT	0.6020599913279624
AATATAAAATAG	0.6020599913279624
CTCTCTCTCTAT	0.6020599913279624
CCACCACCACCT	0.6020599913279624
TCCTTCCTTCA	0.6020599913279624
CTCTAGGCGG	0.6020599913279624
CTTTCCCTCT	0.6020599913279624
GAGTGAGG	0.6020599913279624
TTCCTCTCCACC	0.6020599913279624
CCCCCCTTCCT	0.6020599913279624
GGGAAAT	0.6020599913279624
GAGGGAGG	0.6020599913279624
GAAGAGAAAGA	0.6020599913279624
CCTCTCCCCCCT	0.6020599913279624
CCTCGCCT	0.6020599913279624
TGCTTCCTT	0.6020599913279624
TCTTTCTTCCT	0.47712125471966244
CCGCCTTT	0.47712125471966244
TCTTTCTT	0.47712125471966244
CTACTCAGA	0.47712125471966244
CAGCACCAG	0.47712125471966244
CCGGCAGTC	0.47712125471966244
ACGAACGC	0.47712125471966244
ATTATTCG	0.47712125471966244
TCTCTGC	0.47712125471966244
CCTACTT	0.47712125471966244
ACGGCTCGA	0.47712125471966244
GTCGTCGC	0.47712125471966244
CTCCTCCTC	0.47712125471966244
GTGCGATGCG	0.47712125471966244
TTTTTTTTCTC	0.47712125471966244
GGTACACG	0.47712125471966244
GGGTGGATAAG	0.47712125471966244
GGGAGCGA	0.47712125471966244
GGGAATAG	0.47712125471966244
GGCGGTCGG	0.47712125471966244
CTTCGCGTCC	0.47712125471966244
GTCGAA	0.47712125471966244
GTCTTAAAAAC	0.47712125471966244
GGTGTAGAAGT	0.47712125471966244
GTCAAGTCA	0.47712125471966244
ATGTGGAGA	0.47712125471966244
ATAAAGGAAA	0.47712125471966244
TTTTTACAA	0.47712125471966244
CCGAATGCGCA	0.47712125471966244
ATAAAATAAT	0.47712125471966244
CCCTCTCTCGCT	0.47712125471966244
CCCTCTCTCCC	0.47712125471966244
CCCGTC	0.47712125471966244
CCCGTCTTC	0.47712125471966244
AGAGCAGAAG	0.47712125471966244
AAATTGCCTCA	0.47712125471966244
GAGAGAGTAG	0.47712125471966244
AAAAAATATA	0.47712125471966244
CTTCCCTCTT	0.47712125471966244
AAGAGGAAAAGG	0.47712125471966244
TTCCCCTCCC	0.47712125471966244
TTCCCC	0.47712125471966244
AACCTT	0.47712125471966244
AACTTTAA	0.47712125471966244
TCATTTTT	0.47712125471966244
TCTCATTTTCAT	0.47712125471966244
ACGGGAG	0.47712125471966244
TTTTCTGGACC	0.47712125471966244
TCTCCTTTTCCT	0.47712125471966244
AAACAGG	0.47712125471966244
TCCTTCTTT	0.47712125471966244
CGAGAAAGG	0.47712125471966244
TTTCTTTTTTCT	0.47712125471966244
TAAACTTTAT	0.47712125471966244
TTCTTCTTC	0.47712125471966244
AAATTCAA	0.47712125471966244
AGAATATAAAAA	0.47712125471966244
AGGAGAAAG	0.47712125471966244
TATAAA	0.47712125471966244
TACTCAATTTT	0.47712125471966244
TCAAGACCTA	0.47712125471966244
TCATTG	0.47712125471966244
AGGAAATG	0.47712125471966244
AGAAAATCGGGT	0.47712125471966244
TCCTCCCCCCCT	0.47712125471966244
CCTTATATCTA	0.47712125471966244
AAAATTC	0.47712125471966244
AATATGTAC	0.47712125471966244
CGAGATACGCGC	0.47712125471966244
CCCCCCCACCCA	0.47712125471966244
CCCCCCCTCCCA	0.47712125471966244
ATCACCCC	0.47712125471966244
CCCCCACACCC	0.47712125471966244
CCCCTCCCTCT	0.47712125471966244
ATGATGATGGTG	0.47712125471966244
AGAAGGAAAAAT	0.47712125471966244
ATACTGCGA	0.47712125471966244
ATAGAG	0.47712125471966244
CCCTTTCCCCC	0.47712125471966244
CATTCT	0.47712125471966244
ATCTTTC	0.47712125471966244
AGAACAA	0.47712125471966244
AGGAAAAAT	0.47712125471966244
AATTCCATA	0.47712125471966244
CACCTCCACCGC	0.47712125471966244
AATTAAAGGGA	0.47712125471966244
AAAAATAAGTA	0.47712125471966244
CCTCGTTCGC	0.47712125471966244
AGGAAGCGAGGG	0.47712125471966244
AGGGTGG	0.47712125471966244
AGGGAAAT	0.47712125471966244
ACACAC	0.47712125471966244
CCTCCCCTCT	0.47712125471966244
GAAGAGGGAG	0.47712125471966244
AAAACG	0.47712125471966244
TATTCGAATA	0.47712125471966244
TTTTCTCTTCTC	0.47712125471966244
CGTTCGGCGAG	0.47712125471966244
CTCCTTCTCT	0.47712125471966244
TTCTGCTCCTC	0.47712125471966244
TTCCTTTCG	0.47712125471966244
TCCTCCAAG	0.47712125471966244
TTCCTTCTCTCG	0.47712125471966244
TTCCCCTTT	0.47712125471966244
TTGCTTCTTC	0.47712125471966244
AAAGGGGAAGAA	0.47712125471966244
GCCTCTTCC	0.47712125471966244
TCTCTTCTTTCT	0.47712125471966244
CCTTCCCTTT	0.47712125471966244
TTCTTCAATA	0.47712125471966244
CTGAGTAGA	0.47712125471966244
GCCTCGTCGAA	0.47712125471966244
TCTTGAAGG	0.47712125471966244
GAGGGT	0.47712125471966244
GAGGGAGGGGAG	0.47712125471966244
CTTTAC	0.47712125471966244
TTCGAAGG	0.47712125471966244
TTTACATTAT	0.47712125471966244
TTTTCGCCCC	0.47712125471966244
TCCATTCCT	0.47712125471966244
TGCCGTTCTA	0.47712125471966244
TGCTCGCCCC	0.47712125471966244
CTAGTT	0.47712125471966244
TTATCTTAAC	0.47712125471966244
TTTTAAATATC	0.47712125471966244
TGGTAAC	0.47712125471966244
TTTCAAG	0.47712125471966244
CTGTCCCGATCC	0.47712125471966244
TTTACTCAATTT	0.47712125471966244
CTCCTCCAT	0.47712125471966244
CTTCGATTTTTC	0.47712125471966244
CTCCCTTCCCC	0.47712125471966244
TCGATTCT	0.47712125471966244
TTTTTTAA	0.47712125471966244
CTACCT	0.47712125471966244
CGTGTTCGTTAT	0.47712125471966244
CTCTCTTTTTTT	0.47712125471966244
TTGAAA	0.47712125471966244
CGAAGTT	0.47712125471966244
CCCCCCCCCGC	0.47712125471966244
TTTCTCTCTCT	0.47712125471966244
GTTGCGGAAAA	0.47712125471966244
TCTCTCCTGT	0.47712125471966244
CGGGGGA	0.47712125471966244
TAAATCC	0.47712125471966244
ATAAATAA	0.47712125471966244
CCCCCCCCCACA	0.47712125471966244
TCTTCTTTTTT	0.47712125471966244
GCGGCGGAA	0.47712125471966244
TTTTCTTCCCC	0.47712125471966244
GAAATGGC	0.47712125471966244
GAAGGCG	0.47712125471966244
GTTGCAGAAAT	0.47712125471966244
ATCTTTATA	0.47712125471966244
GACGGCTTTGG	0.47712125471966244
GGAGGACGAGGA	0.47712125471966244
GAGAAGC	0.47712125471966244
GGAAGGGCA	0.47712125471966244
GGAGACGGAAC	0.47712125471966244
CTCTCCTTTC	0.47712125471966244
GCGATGGCGACG	0.47712125471966244
TACACGTG	0.47712125471966244
TGCTGGGAC	0.3010299956639812
TTGGAGGTG	0.3010299956639812
ATTTTCGCCTC	0.3010299956639812
TTGTCCTTTTTC	0.3010299956639812
TGGAGGAGGATT	0.3010299956639812
AAATCGGT	0.3010299956639812
TTGGTG	0.3010299956639812
TTGGTTAC	0.3010299956639812
TTGTCGTTCC	0.3010299956639812
TTGTCAC	0.3010299956639812
TGGATTCT	0.3010299956639812
TTTTCCCAA	0.3010299956639812
TTGGAAG	0.3010299956639812
GGCATACGTA	0.3010299956639812
AACACGGGG	0.3010299956639812
TGCCTTCT	0.3010299956639812
AACAATGACAGC	0.3010299956639812
TTCTTTATTATA	0.3010299956639812
AAATTTTTTTT	0.3010299956639812
AAATGCG	0.3010299956639812
AATAGGGAA	0.3010299956639812
AAATAGAAAGA	0.3010299956639812
AAATACTGA	0.3010299956639812
TTTAAGGCGCC	0.3010299956639812
TGCAGAAGTAGA	0.3010299956639812
TTTAATTTAC	0.3010299956639812
TTTACAAGTA	0.3010299956639812
TTGTTCGC	0.3010299956639812
TTTACAATA	0.3010299956639812
AAATACCA	0.3010299956639812
TTGTTGTTG	0.3010299956639812
TTTGACTTTACA	0.3010299956639812
TTGGTGGC	0.3010299956639812
TTTGAAGTGA	0.3010299956639812
TTTTTCTGATTT	0.3010299956639812
TTTTTGTATTT	0.3010299956639812
TTTTCTATA	0.3010299956639812
GGCAACTTTGA	0.3010299956639812
AAACAGC	0.3010299956639812
AAACTG	0.3010299956639812
AATATCTTCCTT	0.3010299956639812
TTTGGATTTC	0.3010299956639812
TTTGTATTATT	0.3010299956639812
AAACTAAAATTA	0.3010299956639812
TTCTTCTCTTCC	0.3010299956639812
TTTTAAGTA	0.3010299956639812
TTTTATCGTG	0.3010299956639812
TTTTACAAAT	0.3010299956639812
AAAATAAGG	0.3010299956639812
TTTTGA	0.3010299956639812
AAAATACAG	0.3010299956639812
TTTTGC	0.3010299956639812
ATAATAT	0.3010299956639812
ATAATAATCGA	0.3010299956639812
TTTTGCAAT	0.3010299956639812
AAACCTA	0.3010299956639812
AAATTCTCA	0.3010299956639812
TTTTTTAC	0.3010299956639812
TTTTTCGC	0.3010299956639812
AAAAACC	0.3010299956639812
AGAAGAAGAACT	0.3010299956639812
AATAATTG	0.3010299956639812
TTTTCCG	0.3010299956639812
TTTTTAGA	0.3010299956639812
TGGACAATCG	0.3010299956639812
TTTTTATAT	0.3010299956639812
AAAAATAC	0.3010299956639812
GGCGGGCA	0.3010299956639812
TTTTTAAGA	0.3010299956639812
TTTTTTTTGAAT	0.3010299956639812
TTTTTTTGG	0.3010299956639812
ATTCGTTG	0.3010299956639812
TTTTTTTATATT	0.3010299956639812
TTTTTTTCC	0.3010299956639812
TGCTTGCC	0.3010299956639812
TTTGAGGGAG	0.3010299956639812
AATACTCGA	0.3010299956639812
AACAAG	0.3010299956639812
AAAGTGAT	0.3010299956639812
AGTTGCTTTG	0.3010299956639812
AGAGAGGT	0.3010299956639812
AGGGACGTAA	0.3010299956639812
TATGTATGAATG	0.3010299956639812
AGACGAGT	0.3010299956639812
TAGTATGAGT	0.3010299956639812
TAGTGC	0.3010299956639812
TAGAAA	0.3010299956639812
GGAATTACAAT	0.3010299956639812
TACTTCCTC	0.3010299956639812
GTCGTCCTCGTC	0.3010299956639812
TCAAATCA	0.3010299956639812
TAGAATTTTCT	0.3010299956639812
TAGCACAGCG	0.3010299956639812
TAGCCATT	0.3010299956639812
GGAATCAG	0.3010299956639812
TATCGTTAC	0.3010299956639812
TATCCTTG	0.3010299956639812
GTCAAATC	0.3010299956639812
TATCGACGAA	0.3010299956639812
TATTTTGATTAG	0.3010299956639812
TCAAGGTCTCT	0.3010299956639812
TTGCCCG	0.3010299956639812
TCACTCATAA	0.3010299956639812
TATTAAAAGG	0.3010299956639812
TATTACTATAC	0.3010299956639812
TATTATATTTTA	0.3010299956639812
TATTATTATTTA	0.3010299956639812
AGAAAGATTC	0.3010299956639812
AGAAATTG	0.3010299956639812
TATTTTCC	0.3010299956639812
ACTTGCCAG	0.3010299956639812
ACTTTATCT	0.3010299956639812
TCACCAT	0.3010299956639812
ACTTGTTGG	0.3010299956639812
ATACTGAAAT	0.3010299956639812
ACTTGTCTC	0.3010299956639812
ATACCGAAGCG	0.3010299956639812
TCATTATCA	0.3010299956639812
ATATGAAAT	0.3010299956639812
TCACGG	0.3010299956639812
TCACCATCA	0.3010299956639812
TATAAAAACTA	0.3010299956639812
AGAAGAAGTACC	0.3010299956639812
TATGTATATATA	0.3010299956639812
AAAGAGAGTG	0.3010299956639812
TTTCAAAG	0.3010299956639812
TTTCCTTTCTTT	0.3010299956639812
TTTCGTTAC	0.3010299956639812
TTTCTTG	0.3010299956639812
TTTCTTTTCCTT	0.3010299956639812
TTTCTTTTCT	0.3010299956639812
TTTCTTCCC	0.3010299956639812
TTTCTGCC	0.3010299956639812
AAATAAAC	0.3010299956639812
GTCCCCT	0.3010299956639812
AAATTCTAGC	0.3010299956639812
AGTTGCC	0.3010299956639812
AAATTAATGAG	0.3010299956639812
AAATTAAATTG	0.3010299956639812
GGTCGCAACC	0.3010299956639812
AAATGTATTAA	0.3010299956639812
TTGCAATT	0.3010299956639812
AAATGGTA	0.3010299956639812
TGCGTGGGG	0.3010299956639812
TTTATGGTTA	0.3010299956639812
TTTATCATATCA	0.3010299956639812
TTTATATTC	0.3010299956639812
TATCATAG	0.3010299956639812
ATAGTGAG	0.3010299956639812
TATATCAA	0.3010299956639812
TATATACAAAC	0.3010299956639812
AGAATTTG	0.3010299956639812
AGACCG	0.3010299956639812
AGACCGTGTCCA	0.3010299956639812
AATCAGGGA	0.3010299956639812
AAAGTAA	0.3010299956639812
TTTCCCAGGA	0.3010299956639812
TTTCCCCC	0.3010299956639812
AAAGGTAAA	0.3010299956639812
TTTCCTGCCTAT	0.3010299956639812
TTTCACTTCGTG	0.3010299956639812
TTTCACTCC	0.3010299956639812
TTTCACACCT	0.3010299956639812
TTTATGCAATT	0.3010299956639812
TGCGACGTGT	0.3010299956639812
AATCCCAGTA	0.3010299956639812
AAGTTG	0.3010299956639812
CATCAT	0.3010299956639812
CTTGGCGCAC	0.3010299956639812
GCGGTCG	0.3010299956639812
CTTGCTAG	0.3010299956639812
CCGGCTCT	0.3010299956639812
GCTTCCATC	0.3010299956639812
GCTATCCCTT	0.3010299956639812
GAAAATT	0.3010299956639812
CATCTC	0.3010299956639812
CTCGTTCC	0.3010299956639812
GAAGCACGAAGG	0.3010299956639812
CGGATTTATTG	0.3010299956639812
CGGCAAGGAGA	0.3010299956639812
CGGCCACGGTCC	0.3010299956639812
CGTTGCAGTTT	0.3010299956639812
CTAGGCGGTGGA	0.3010299956639812
CGGCCAG	0.3010299956639812
CGCTGTCTGC	0.3010299956639812
CGCTGC	0.3010299956639812
CACCTCGGCCAC	0.3010299956639812
CCGCTCCGGC	0.3010299956639812
CGCGAGGGG	0.3010299956639812
CTCCAGCTT	0.3010299956639812
CAGCAGC	0.3010299956639812
CAGCCA	0.3010299956639812
CAGGTG	0.3010299956639812
GAACAGTCTT	0.3010299956639812
CTCCCCAGCCGC	0.3010299956639812
GAAATTCAAA	0.3010299956639812
GAATGTACT	0.3010299956639812
GAAATTTTC	0.3010299956639812
CAGGAAGGTTG	0.3010299956639812
CAGACGAG	0.3010299956639812
CACCGAATTG	0.3010299956639812
CACCCTGG	0.3010299956639812
GTATCC	0.3010299956639812
ATCGTT	0.3010299956639812
GAAGGGCGA	0.3010299956639812
CCGATA	0.3010299956639812
CTATACT	0.3010299956639812
CCGCTCGCTCC	0.3010299956639812
CGCTCTCGCTCC	0.3010299956639812
CGCCGCGCCG	0.3010299956639812
TGTAAATGAT	0.3010299956639812
CCCTCTTC	0.3010299956639812
CCCCTGC	0.3010299956639812
CGTAGTT	0.3010299956639812
CTCGCTCTCCTC	0.3010299956639812
CTCCTCGATCC	0.3010299956639812
CCCTTCTCAC	0.3010299956639812
CCGTTGAG	0.3010299956639812
CTCGTCGG	0.3010299956639812
CGAATACTC	0.3010299956639812
CCTTTTTCCCT	0.3010299956639812
CTCCTCTGCC	0.3010299956639812
CCTGTAGCAG	0.3010299956639812
CTCCCTTCGG	0.3010299956639812
CCGTCGAATT	0.3010299956639812
CGAGCC	0.3010299956639812
CGCCACCT	0.3010299956639812
CGATTC	0.3010299956639812
CGATCCGAT	0.3010299956639812
CGATCCA	0.3010299956639812
CGGGGTTGAG	0.3010299956639812
CCTAACCTAA	0.3010299956639812
CGCCTCTCGC	0.3010299956639812
CTACTCGCC	0.3010299956639812
CTACTGGAA	0.3010299956639812
CGCCTTTACTT	0.3010299956639812
CGCTCGGC	0.3010299956639812
GATCTTTGTT	0.3010299956639812
CGCTATACC	0.3010299956639812
CCTCCCA	0.3010299956639812
CCTCATGTC	0.3010299956639812
CGTCGACGAATA	0.3010299956639812
CTACTACTG	0.3010299956639812
CCGTCGCCC	0.3010299956639812
CGTCGCC	0.3010299956639812
CTAAGTTAT	0.3010299956639812
CTAAGAGAT	0.3010299956639812
CGTCTTAAGAC	0.3010299956639812
CTCCTTCACC	0.3010299956639812
CCCCTTTT	0.3010299956639812
CGTGAGCCT	0.3010299956639812
CCCTATTATCT	0.3010299956639812
GAACGATCTCGC	0.3010299956639812
AGGAGCAGCAGG	0.3010299956639812
CTTCTTCCTTCT	0.3010299956639812
AACTAATGCAGC	0.3010299956639812
TGAAGATGAAGC	0.3010299956639812
TGACCT	0.3010299956639812
AATATTTCGCT	0.3010299956639812
TGAGGCTGAAGT	0.3010299956639812
AATGAAGAAA	0.3010299956639812
AATCTTGAA	0.3010299956639812
TTCGCTCTCGC	0.3010299956639812
TTCGCTGAGGG	0.3010299956639812
TTCTAAGTA	0.3010299956639812
TCTTTCAGCATT	0.3010299956639812
GGCGGCCA	0.3010299956639812
TTCCTTCAT	0.3010299956639812
AACTTTTAAT	0.3010299956639812
TTCTACTCAATT	0.3010299956639812
AACCCTAACCT	0.3010299956639812
AACATATGGGGA	0.3010299956639812
TTCTCCTCCCTC	0.3010299956639812
TTCTCCTTTA	0.3010299956639812
TGAATAGGAAC	0.3010299956639812
AATGATAAT	0.3010299956639812
CTCTTCCGTTT	0.3010299956639812
TGGTGCAGAGT	0.3010299956639812
AAGTGGTGAGG	0.3010299956639812
TGTATATA	0.3010299956639812
AAGTAGAAGAA	0.3010299956639812
TGGGGAG	0.3010299956639812
TGGGGAGGGG	0.3010299956639812
TGGTGATGCTCC	0.3010299956639812
TGGTGATGGTTC	0.3010299956639812
AATAAAATAG	0.3010299956639812
AATATATTT	0.3010299956639812
AATTCCC	0.3010299956639812
AATTAAAG	0.3010299956639812
TCTTCTTGTCG	0.3010299956639812
AATGGGAA	0.3010299956639812
AATGGAATGAA	0.3010299956639812
AATTCTTTC	0.3010299956639812
TCTCTTTTCTTT	0.3010299956639812
TCTGCGCC	0.3010299956639812
TCTGGGTTAGG	0.3010299956639812
TTCTCGAGAA	0.3010299956639812
AAGGGAGCA	0.3010299956639812
TTAGCTAAC	0.3010299956639812
CTGCTGGCAGA	0.3010299956639812
CTTCTGTTC	0.3010299956639812
CTATATACATC	0.3010299956639812
CCACCTCCTCCG	0.3010299956639812
CTTCTTCCTC	0.3010299956639812
CTTCTCCA	0.3010299956639812
CCAGGGG	0.3010299956639812
CTTCGCCTC	0.3010299956639812
CTTCGTATC	0.3010299956639812
CTCTCTCTCCCC	0.3010299956639812
TTAACTTTACCT	0.3010299956639812
CCCCCCTCCTT	0.3010299956639812
CCCCCTCACC	0.3010299956639812
CTCTCCCCCCCT	0.3010299956639812
CCCCCTTCCT	0.3010299956639812
CCCCCCACA	0.3010299956639812
CTGCGT	0.3010299956639812
CCCCCCGCC	0.3010299956639812
CTCTGCCG	0.3010299956639812
CTATCAAGA	0.3010299956639812
CCACGG	0.3010299956639812
CCAGGAAGT	0.3010299956639812
CCCACTTCGTTG	0.3010299956639812
TGTTTGG	0.3010299956639812
CTATTCTGCT	0.3010299956639812
CTATCACTGA	0.3010299956639812
CAATCG	0.3010299956639812
TTCCGTATG	0.3010299956639812
AAGGAAGCC	0.3010299956639812
TTATCCTTCTA	0.3010299956639812
TTATTATTTTAT	0.3010299956639812
CTATCACTAGCA	0.3010299956639812
GTGAAGAGTGAA	0.3010299956639812
CTTCCTCC	0.3010299956639812
CTTCATC	0.3010299956639812
CTTCATTC	0.3010299956639812
CCCCACCCCCA	0.3010299956639812
CTTCCACCT	0.3010299956639812
CCCCCACCAC	0.3010299956639812
CTGTTTGTAG	0.3010299956639812
TATTATTCGAA	0.3010299956639812
TACAGGACACCT	0.3010299956639812
TCCCCTTCTCCC	0.3010299956639812
ACCCTCCT	0.3010299956639812
TTCTCCTTCTC	0.3010299956639812
TTCTCTTTCTT	0.3010299956639812
TTTTTAAAAAAA	0.3010299956639812
TCTACTCTT	0.3010299956639812
TTTTTTTCTGA	0.3010299956639812
TTTTTTTTAAAT	0.3010299956639812
ACCACCATCACT	0.3010299956639812
TTTTATCGTA	0.3010299956639812
TCTAGCGAC	0.3010299956639812
TCGTCGCAT	0.3010299956639812
TCTCACGTCC	0.3010299956639812
TTTCGAGCT	0.3010299956639812
TTATTGTGTTT	0.3010299956639812
TCCTTCCC	0.3010299956639812
TCTATACTA	0.3010299956639812
TCCTTGT	0.3010299956639812
TCCTCCTCCCCC	0.3010299956639812
TCTATCTGG	0.3010299956639812
TCGTCATCATCA	0.3010299956639812
TCGATCGTCCC	0.3010299956639812
TTCTCCCTG	0.3010299956639812
TCGGCTAG	0.3010299956639812
ACGATAA	0.3010299956639812
TTCAAACCT	0.3010299956639812
ACATCT	0.3010299956639812
ACGACGGTG	0.3010299956639812
TCGCGTGGA	0.3010299956639812
GCTCAGGGG	0.3010299956639812
ACATCCTCGAT	0.3010299956639812
GGAGGAAAGGTG	0.3010299956639812
GAGGAGAGGA	0.3010299956639812
GATGAGGTT	0.3010299956639812
ACGAGACG	0.3010299956639812
ACATGCATACAC	0.3010299956639812
GCCAAC	0.3010299956639812
TATTTTTC	0.3010299956639812
TTCTTCTCTTTC	0.3010299956639812
TTCTTTCTCTC	0.3010299956639812
ACATACTTTC	0.3010299956639812
ACGAGGAGC	0.3010299956639812
TTCTTTGGCACC	0.3010299956639812
TCGAGTTAC	0.3010299956639812
TTGAACAGGTA	0.3010299956639812
TCTATCTATCTA	0.3010299956639812
TCTCAGCAAC	0.3010299956639812
GAGGACAGG	0.3010299956639812
TCTCTTTTTCCT	0.3010299956639812
TCTCCCTTG	0.3010299956639812
TCTCCTCCTCA	0.3010299956639812
ACGCTACAC	0.3010299956639812
TCGAATGTGCA	0.3010299956639812
ACAGGG	0.3010299956639812
ACGATAGA	0.3010299956639812
TCTCCTCCCCCA	0.3010299956639812
ACGATAGAAAT	0.3010299956639812
ACACCGTGGT	0.3010299956639812
TCTTGTTCT	0.3010299956639812
ACCTCGCCC	0.3010299956639812
TCCTTTTTTT	0.3010299956639812
CTTTTCCTTCT	0.3010299956639812
ACACCGCAC	0.3010299956639812
ACGCGCCCT	0.3010299956639812
ACACCGAC	0.3010299956639812
ACGCGCCGCGAC	0.3010299956639812
CCTTTTTT	0.3010299956639812
TCTCCTCCTC	0.3010299956639812
CTGAGAAA	0.3010299956639812
TCTTTTCTTCTT	0.3010299956639812
TCCTCGTCCCTG	0.3010299956639812
ACGTCAAT	0.3010299956639812
TTACTCATTTC	0.3010299956639812
TCGTCACCA	0.3010299956639812
TCACTCTA	0.3010299956639812
TCAGGGTGGC	0.3010299956639812
ACGAATGG	0.3010299956639812
TCAGTTTCAGG	0.3010299956639812
TCATCCAATGTT	0.3010299956639812
ACGGCCTCCTCC	0.3010299956639812
TCCTTATCCTA	0.3010299956639812
CCTCTCTCTCTG	0.3010299956639812
TCCTTAT	0.3010299956639812
TCTCCTCTCCT	0.3010299956639812
TCTCCTTCG	0.3010299956639812
TCCGCCTCTTCC	0.3010299956639812
TCCTCTTTTTTC	0.3010299956639812
ACATAAAT	0.3010299956639812
TCTCCACCG	0.3010299956639812
TGGCGGTGACGG	0.3010299956639812
TGGTAAGAC	0.3010299956639812
TGTCGG	0.3010299956639812
TCGCTGCCTGCT	0.3010299956639812
TCGCTTTTC	0.3010299956639812
AGCAACAG	0.3010299956639812
ACTGCAACGTT	0.3010299956639812
CCCCCTTCTCC	0.3010299956639812
AAGGGTAAA	0.3010299956639812
CCCCTCCTCCCT	0.3010299956639812
ACTACT	0.3010299956639812
CCCCTCCCCAC	0.3010299956639812
CCATTTTTA	0.3010299956639812
AACTAACCTA	0.3010299956639812
AACTAATCTT	0.3010299956639812
CCCCCACCA	0.3010299956639812
TCTCGTTCCT	0.3010299956639812
TCTCGTTT	0.3010299956639812
AACTATATAC	0.3010299956639812
ACGTTTTATGG	0.3010299956639812
ATCACCC	0.3010299956639812
TATTTT	0.3010299956639812
CCCCCCCCTCTT	0.3010299956639812
AAGAAGTAGTAG	0.3010299956639812
CCCCCCCACCA	0.3010299956639812
ACTCATTTTCT	0.3010299956639812
CCCCCCACCCTC	0.3010299956639812
TCTCTATCTATC	0.3010299956639812
ATATATC	0.3010299956639812
TCCCCCCCCA	0.3010299956639812
TCCGGTCCTCGT	0.3010299956639812
CCTCTCTCG	0.3010299956639812
AAAAAACAAAAC	0.3010299956639812
AATGAAAACGAA	0.3010299956639812
ATTTATC	0.3010299956639812
AGGGTGAAG	0.3010299956639812
AGGAGGATA	0.3010299956639812
CCTTAAATCTA	0.3010299956639812
CACGCCGA	0.3010299956639812
AGCAGCAGGAGT	0.3010299956639812
AGGAGGAAC	0.3010299956639812
CAATCAGCAT	0.3010299956639812
AAGGAAGAAGA	0.3010299956639812
ACTAAAT	0.3010299956639812
ATATATAT	0.3010299956639812
AATTTCCA	0.3010299956639812
ACTAATAT	0.3010299956639812
AATTTAGTA	0.3010299956639812
CCACCCTGAA	0.3010299956639812
CCACCCTGACT	0.3010299956639812
AACGCAAAAAGC	0.3010299956639812
AGTAGGAG	0.3010299956639812
AATTTAGTGTG	0.3010299956639812
TCCCTCTGA	0.3010299956639812
TCCCTCCCTC	0.3010299956639812
GGCTGGG	0.3010299956639812
ACTCATTTTTA	0.3010299956639812
TCCCGGCAA	0.3010299956639812
GTGGACCTG	0.3010299956639812
GTTCCGTCTCA	0.3010299956639812
TCCCTTCTCTC	0.3010299956639812
GTTGAAG	0.3010299956639812
GTTGCAGAAAG	0.3010299956639812
TAAAAGGTA	0.3010299956639812
AGAGCGACGGAG	0.3010299956639812
GGCAACGGA	0.3010299956639812
GGAGGAGTAGGA	0.3010299956639812
GAAAAAGG	0.3010299956639812
GAAATATTC	0.3010299956639812
ACTCAACTTG	0.3010299956639812
GAAATTGAAG	0.3010299956639812
GAACAGAGC	0.3010299956639812
AATTTTT	0.3010299956639812
TCCCTCTCTCCT	0.3010299956639812
TCCCCTCTCTC	0.3010299956639812
ACTCACTC	0.3010299956639812
ACTCCCCCCCC	0.3010299956639812
GTGATGGTGGTG	0.3010299956639812
AGTGGAG	0.3010299956639812
ACGTTTTTAAA	0.3010299956639812
TCCAGTC	0.3010299956639812
AATTTAA	0.3010299956639812
ACCCCTTTC	0.3010299956639812
ACTTAACCTAC	0.3010299956639812
ACTACTCT	0.3010299956639812
AAACTAAAGTG	0.3010299956639812
CAGCACCAACAC	0.3010299956639812
ACAAAATA	0.3010299956639812
CCCTCCCCACCC	0.3010299956639812
ACTCACTG	0.3010299956639812
CATTCCC	0.3010299956639812
CCGAACCGCT	0.3010299956639812
CCTTCCCCCT	0.3010299956639812
AATTTCGTTGA	0.3010299956639812
GGTTTGAAAG	0.3010299956639812
GTCAGGGTGG	0.3010299956639812
ACGTGTAT	0.3010299956639812
AGATCC	0.3010299956639812
AAAAAACAAAAG	0.3010299956639812
CTCCTAC	0.3010299956639812
CTCCCCCCTTT	0.3010299956639812
AGAGGAAA	0.3010299956639812
CTTCGTCTTCTT	0.3010299956639812
GTTGCGAGCCT	0.3010299956639812
GTTGAGT	0.3010299956639812
AGAGGAGAAG	0.3010299956639812
GTTGCAGGAAC	0.3010299956639812
CGCGCCC	0.3010299956639812
CTTATTCTACC	0.3010299956639812
AGAGGAGGAC	0.3010299956639812
TAACTTTAACTA	0.3010299956639812
TACATTAGAACT	0.3010299956639812
TACACGGA	0.3010299956639812
GTTCTAA	0.3010299956639812
TACACG	0.3010299956639812
GTTGCTGG	0.3010299956639812
TAACTTCACAC	0.3010299956639812
CTCTCTTCTCCC	0.3010299956639812
AGCAATTA	0.3010299956639812
CTAAAACTTAGC	0.3010299956639812
GTTTAA	0.3010299956639812
AGCTAAACG	0.3010299956639812
GTTGACAAA	0.3010299956639812
AGCAGGGTTG	0.3010299956639812
AGCCTAGGCG	0.3010299956639812
GTTCAAT	0.3010299956639812
CGTCCACCA	0.3010299956639812
GTTATCCTG	0.3010299956639812
GTGCTC	0.3010299956639812
GTGTGTGTGC	0.3010299956639812
GTGTAAG	0.3010299956639812
GTGTTAA	0.3010299956639812
GTTAAAA	0.3010299956639812
GTGTTTTTTATC	0.3010299956639812
TACGTTCTAC	0.3010299956639812
AGCGAGCA	0.3010299956639812
GTTTCCCA	0.3010299956639812
TAACTTTAACTG	0.3010299956639812
TAACTTTACTTT	0.3010299956639812
CGCTCGCT	0.3010299956639812
GTTATCATT	0.3010299956639812
AGGACTA	0.3010299956639812
TAAGATACAAT	0.3010299956639812
TAAGTATAGCA	0.3010299956639812
GTGATATTCATT	0.3010299956639812
TAATTTTCG	0.3010299956639812
GTGATG	0.3010299956639812
GTGCCAGGC	0.3010299956639812
AGAGCAATCC	0.3010299956639812
AGGACTCGA	0.3010299956639812
TACGATTG	0.3010299956639812
CTCATCCAAC	0.3010299956639812
AGCTTCATGCA	0.3010299956639812
GTGTGTCACC	0.3010299956639812
AGATATTTT	0.3010299956639812
TATTGTCAC	0.3010299956639812
TATTTCTG	0.3010299956639812
GTTCCTCGGG	0.3010299956639812
AGCAACGCC	0.3010299956639812
GTTCCCT	0.3010299956639812
TAACTACTA	0.3010299956639812
TAACCGGGT	0.3010299956639812
TACTAATAT	0.3010299956639812
TAAAATATTC	0.3010299956639812
TATTTCCG	0.3010299956639812
TATTTCTCGT	0.3010299956639812
GTTTCCCATT	0.3010299956639812
TATTTCCA	0.3010299956639812
AGCGAAGAGGAG	0.3010299956639812
GAGAGAAAGC	0.0
ATTAAG	0.0
CCTGGCACA	0.0
CCTTCTTTC	0.0
CCTCTTTCGCTT	0.0
CAAGATTGG	0.0
CAACCACAACA	0.0
GAGAGAGAGAGA	0.0
CCTTTCCCC	0.0
CCTCTCGCAC	0.0
CCTCTCCTTTT	0.0
CCACCATTG	0.0
CGATATAT	0.0
CCTTTTCCTT	0.0
CCTTTCCCTTTC	0.0
CCTTTTCTCCTC	0.0
CCACCATGA	0.0
CCTTCGCTTC	0.0
CCTTCTCCCC	0.0
GCCCCACCCCCC	0.0
CAAAGTTGCCTG	0.0
GCAACGTTACG	0.0
CCTTTCTTCCCC	0.0
CCTCTTTCCTCT	0.0
GCAGGTGCAGCC	0.0
CCTCTTTCCTT	0.0
CCTTTTTTCT	0.0
CAATATTGTT	0.0
GACTTGGACTTG	0.0
GCATTCGCCGC	0.0
CCACCCCACACC	0.0
CGAGATACGCAC	0.0
CCACAA	0.0
CGAGGACAAGGA	0.0
CGTTCAT	0.0
CTCCCTCTTTC	0.0
CCCTGCCCCCCC	0.0
GAGAAGGAGT	0.0
CTCCCTTTCCTC	0.0
CTCCCTTTCTC	0.0
CCACCCCCCCT	0.0
CAAAAAAACA	0.0
CCCTCTCTCTT	0.0
ATGTATGA	0.0
GACGTG	0.0
CCCTCCCCTT	0.0
GACAGCGATCGG	0.0
CGATACATGTT	0.0
CCTCTCCCTTCT	0.0
ATGCAC	0.0
CGACGACTG	0.0
GAGAAGTT	0.0
CCACCCCCCCCT	0.0
CCTCCTTTTCTT	0.0
CTTCTTTTTTTC	0.0
CTTTCTTTCCCC	0.0
CCAAGTCAAGGT	0.0
CGCATGC	0.0
CGCCACCACCAC	0.0
CGCCACCGCCGA	0.0
CAACAACATCGT	0.0
GCAGCAGGCCCA	0.0
CTTTC	0.0
CGATACTAT	0.0
CGACGACGACGG	0.0
GAGAAGGGGAG	0.0
CGATCCTCC	0.0
CGGTCTCTATCC	0.0
GAGAAGATC	0.0
GCAGTGATGG	0.0
GCAGTACTGT	0.0
GATAGACA	0.0
GATCGCGAGCGT	0.0
GATCGCTC	0.0
CCTCCCCTTCC	0.0
GATCTCGCCC	0.0
GATTGAAGG	0.0
CGGCGCGTGTCT	0.0
ATTAGT	0.0
GATGAAGGAA	0.0
CCTCCCCCCACC	0.0
CATCTCCAC	0.0
CGCGACCGGGAC	0.0
CCTCCCCCACA	0.0
ATTCACAA	0.0
CGGCGCGGTG	0.0
CATTCATACAAA	0.0
ATTACTTTGT	0.0
GAAAAAGTCGCG	0.0
CCCCTCCCCT	0.0
CCTCCACCCAGT	0.0
CCTCCATGACCA	0.0
CGCTTCCCCT	0.0
CCTCCACTT	0.0
CCTCCACCCC	0.0
GCAGGTGTT	0.0
CATCCC	0.0
CGGCACCAC	0.0
CGGCATCGTCGG	0.0
GATTTGGAG	0.0
AAAAAAAAAAGC	0.0
CATCGTCGT	0.0
CATTAAGTAC	0.0
CGCGCTCTC	0.0
CCTCCCTCCTTT	0.0
ATCTAAA	0.0
GCGGTGTGGC	0.0
GAAAATGT	0.0
CAGTCAGTCAGT	0.0
CCTATGATATAT	0.0
CCACCACC	0.0
ATCCCTACTA	0.0
GCCACCCCCGCC	0.0
GCGACC	0.0
CGGGTGAAT	0.0
CCACCACCCA	0.0
CGGTCACGGTCC	0.0
CATCATCCT	0.0
ATGCATATTG	0.0
CGGTGGTGTCGG	0.0
CGTGCATTCGG	0.0
ATGAGCTAAAAA	0.0
GCTGAGTCCAGA	0.0
GAAAGAAGAGGG	0.0
CCTCCCCA	0.0
CTTTTCTTTTC	0.0
GCTCGACGG	0.0
GCAGTTTTACGC	0.0
GCTCCAACTCC	0.0
GAAAAGAGAG	0.0
GCTCGCCCAA	0.0
ATGAAGGAAGA	0.0
CCCTCCCCCTCT	0.0
GAAAGAAC	0.0
GCAGGGCGA	0.0
CGTCTCGCCT	0.0
GAGTGAGGGAGG	0.0
GCGAAATCAA	0.0
ATATTTATTAA	0.0
AGGTTATTTTT	0.0
GACACT	0.0
ATATTATCTT	0.0
GGTCGCGATCAC	0.0
GGTGATGGAGAT	0.0
GGAATTGAT	0.0
GGTGCCG	0.0
GGAATTTTCC	0.0
AGGGGCGGG	0.0
GGACCGT	0.0
GGACTCGGCGGT	0.0
GGAACGGAG	0.0
GGTAGGCA	0.0
GGAAGAACGAAC	0.0
GGAAGAGGAAGA	0.0
GGATCGAG	0.0
GGAGGAGGAGAA	0.0
GGTGGTGGAGGA	0.0
GGTGGGGGAGGA	0.0
GGAGGGCG	0.0
ATACAATACAA	0.0
GGATGAGAA	0.0
GGGACACTCC	0.0
GAGAGTGACGGT	0.0
GGCTAGAGCA	0.0
ATATTATGATA	0.0
AGGGTAT	0.0
GGCCATCAA	0.0
GGCAGACTA	0.0
GGCAGGCAGCCA	0.0
GGTGATGGA	0.0
GGCATC	0.0
ATAAAATACC	0.0
AGTCTCGAGA	0.0
GGTATCGTCGC	0.0
AGTATTTC	0.0
GGGAGGGAGGA	0.0
GGGAGGTGGCA	0.0
GGGAGTGGG	0.0
ATAAAAGAAA	0.0
GGCTGCCT	0.0
GGCTTGA	0.0
GGGAGAGAGC	0.0
GGAGGTGGCTGG	0.0
GGATAAAT	0.0
GGTGGAGGACTT	0.0
GGGGAAGAAGAA	0.0
GTCGCCGCAGCC	0.0
GTCGCAGTA	0.0
GGGGCAAAAA	0.0
GGGGGAGGGC	0.0
GTCGATCC	0.0
GGGGATGAT	0.0
GTCATCAAC	0.0
GGGGAAGAATA	0.0
AGGCGGCT	0.0
GGTGGAGATGGA	0.0
AGGCGCGGAGGA	0.0
GGGGGCGAT	0.0
AGGCAG	0.0
GGGTTCACG	0.0
AGGCACCAGG	0.0
GGTTCGGGTC	0.0
GGTTAGTGTTA	0.0
AGTAAAGTAAAC	0.0
GTGAACT	0.0
GTGAACAGA	0.0
AGGAGTGGGAGT	0.0
GTCGCGTCT	0.0
GGTGGCGGCGGC	0.0
ATAGATTAAG	0.0
ATAGATGTTCC	0.0
GGAGCAGGAGCG	0.0
GGAGCATGAGTA	0.0
GGGCAGGGG	0.0
AGTAGTGGTAGT	0.0
AGGGAAAAGGAA	0.0
GTAGGAAAATAA	0.0
GTATATTTAT	0.0
GTATGATG	0.0
GTAAAAAAATGT	0.0
AGGGAGCTA	0.0
GGGGCGGGGAGG	0.0
GTAATTCAATT	0.0
GGGGCGAGGAG	0.0
GTATTAT	0.0
GGCAACTTCGCA	0.0
GAGAGTTTA	0.0
CACACACATG	0.0
CTCCCCCCCCCG	0.0
CCCCTCTTCCC	0.0
CTCCTTTCTC	0.0
CTCCTCTTTCCC	0.0
CAATGG	0.0
GACGCGA	0.0
CTCCTTCCTCC	0.0
CCCCTTTTCC	0.0
CTCCCCCCCCTT	0.0
CACAAGGCAC	0.0
CTCGCTTCCT	0.0
CTAATAATA	0.0
CACACAA	0.0
CACACACA	0.0
GACGACGACTAA	0.0
GACGACGAC	0.0
GACGACAAC	0.0
GACGAC	0.0
CCGCCGTAG	0.0
CTCGTCCGCTCG	0.0
CCCCTCCTCTC	0.0
GGCAACGAT	0.0
GACCAGA	0.0
CACACACG	0.0
CCCTTTCCTCCC	0.0
CCCTTTCCCTC	0.0
CCCTTCCTCTTT	0.0
CTCCCCTCCCTT	0.0
CCCTTCCCT	0.0
CTCCTCGATC	0.0
CGTTCG	0.0
CCCCTCTCTCTT	0.0
CTCGCCCT	0.0
CTCCTTTTC	0.0
CTCGAAA	0.0
CACACAGAGGCA	0.0
GGGTGGCA	0.0
GACCAGG	0.0
CTCGATCGTGG	0.0
GACGTCTTAAC	0.0
CCCCTCTCCTT	0.0
GGAAAGCAGA	0.0
CAAAAAAAAACA	0.0
GAGGCGAGCTC	0.0
CTCAACAAAATC	0.0
GAGAGGCGAGGC	0.0
ATTTTTTACACA	0.0
ATTTTTTTTGTT	0.0
GAGAGCGTGAGG	0.0
GAGAGGGGC	0.0
CCGCAGCCGTCA	0.0
CTCAAATC	0.0
GAGAGGGGGGAG	0.0
GAATACTT	0.0
CCGGGTAT	0.0
GAGCGGAC	0.0
GGCGTCTTAAA	0.0
GGCGAAGTTGC	0.0
ATAAGAAG	0.0
GGCGATGAC	0.0
GGCGGAGGTGGT	0.0
ATTTTCTCA	0.0
ATAAATT	0.0
CTCATCCTCACC	0.0
CCGAAGCCACCT	0.0
GAGAGGGAGAGG	0.0
GAGAGAGGACG	0.0
CGTTGAAG	0.0
GAGGAGGTTGAG	0.0
GAGGAGGATGAC	0.0
ATTGGAACT	0.0
CGTTTTGG	0.0
GAGGAGAGGGA	0.0
CTAAAACTAAA	0.0
CTAAAACTGAA	0.0
CTAGTATCTG	0.0
GAGGAGCGA	0.0
CCGAGCCTC	0.0
CTCATTTTTTT	0.0
CCGAAGTGTC	0.0
ATTGCAGCAAC	0.0
ATTGAGTTAC	0.0
GAGGGAGGTGAG	0.0
CTCCCACCC	0.0
TATTCTATTTA	0.0
CTCTCTCGTC	0.0
CACCTCCCCCCC	0.0
TAACTTACACC	0.0
TCCTTCTCCT	0.0
TCCTTCTCCTAC	0.0
TCCTTCTCTCCT	0.0
TCTCCTCCCTCA	0.0
TTTTTTACTCC	0.0
AAAAACAAC	0.0
AAAACACGAAA	0.0
AAAACACAATAA	0.0
ACGCACCGCGAT	0.0
AAAAATTAGT	0.0
TCCTTTCATT	0.0
TTTTTCTAT	0.0
TTTTTCTGA	0.0
AAAAAATTCAA	0.0
TTTTTTCTCCT	0.0
AAAAAAACGAT	0.0
AAAAAAATCCAC	0.0
TTTTTTTTGGT	0.0
AAAAAAAACG	0.0
AAAAAAAACAC	0.0
AAAAAAATAC	0.0
AAAAAATCAG	0.0
TCCTTTTTTTT	0.0
TATTTATTGG	0.0
TCATTTCG	0.0
TTGTATTTT	0.0
TTTAATA	0.0
TTCTTTTTTTCT	0.0
GTTTTTTACTC	0.0
AACACCTGA	0.0
AGCCAGCCA	0.0
AACAACACACT	0.0
TTCTTTTCTTCC	0.0
GTTTGTTTGTAC	0.0
GTTTTTGTTTCT	0.0
GTTTCC	0.0
TTTAAATTAA	0.0
TAACCCAAACC	0.0
AAATAGGGGG	0.0
TAACAGTAG	0.0
AAATACAATTAC	0.0
TAAAAACAAA	0.0
AAATGAGGA	0.0
TAAATAAAC	0.0
AAATGAAAATGA	0.0
TAAAATTAAAAT	0.0
TAAAATGAA	0.0
TTGGCA	0.0
AGCAACACC	0.0
AAAAAATAATTT	0.0
TTTTTTCTTCC	0.0
AAAAAACATT	0.0
TTTTCCCTCCCC	0.0
AAAATAACAG	0.0
TCCTCTTCTCTT	0.0
TCTCGCACG	0.0
AAAAGTATAGC	0.0
TTTTGAAAGTG	0.0
TCCTCTTCTTT	0.0
TCTCCTTTCTC	0.0
AAAATAAT	0.0
AAAATTAATTC	0.0
AAAATTCAAGG	0.0
TTTTCCCTTTTC	0.0
TTTTCTTCTCTC	0.0
TTTTCCTTCCTA	0.0
TCTCCTTCTTT	0.0
AAAATCTTC	0.0
TTTTCTCCTC	0.0
TTTTCTCTTT	0.0
TGCTTCCGCTTC	0.0
TCTCCTCTCCCC	0.0
TCTCCTTCTTTC	0.0
TGGAGGAGGATA	0.0
TCGAGAG	0.0
TTTTCTTTAA	0.0
TCCTCTTCCTGC	0.0
TTTTTTCTTTTA	0.0
TTTTCAAT	0.0
TCTCCGT	0.0
TTTTTTTATTTA	0.0
AAAAAACAAC	0.0
AAAACTAAGCT	0.0
AAACGCGGCA	0.0
TTTTATAGTGT	0.0
AAACGCA	0.0
TCGAATACTT	0.0
TTTTC	0.0
AAACAACACAC	0.0
AAACAAC	0.0
AAAATAAAACAC	0.0
AAACAAAACAA	0.0
AAACGGTACG	0.0
TTTTACTCATG	0.0
TTTTACTCA	0.0
ACGGATGA	0.0
ACGTGGCGAG	0.0
TTTGGCTTT	0.0
TTTTACATTCC	0.0
ACAATAACCA	0.0
TCTCGGC	0.0
AGCAGAGGA	0.0
TTGATATG	0.0
TGGCAAA	0.0
TTGAGAA	0.0
AGAGAGAGCAAG	0.0
AGAGAAGAGAG	0.0
AGAGAAACG	0.0
AGAGAAAAAAC	0.0
TAGTAGGGA	0.0
GTTCAGCAGCAA	0.0
GTTGCCGCAAC	0.0
TAGGCTAAGGTT	0.0
AGAGAGGGGAGG	0.0
TATGTATATATT	0.0
AGCGGAGCAGG	0.0
AGAGATAGAGAC	0.0
AGCGTCGAAAT	0.0
TAGAAGAAAAAA	0.0
TAGATGAAACAT	0.0
AGGAAGGCAGGA	0.0
TAGCAGTAACAA	0.0
TATAAAA	0.0
TATCCTAAG	0.0
TATCGAGGA	0.0
TATCGATTACT	0.0
TATCTACCGCTG	0.0
AGGAGCAGAAGC	0.0
TACTACTAT	0.0
GTTGGTCGC	0.0
TATGTTTTTTTT	0.0
GTTCGATAGAC	0.0
TATTTGAG	0.0
AGAAAAATGTGT	0.0
TATTATTCATAT	0.0
TATTCAA	0.0
TATTCAGAC	0.0
TCTCTTCTTTT	0.0
AGAAAGGAAGGA	0.0
TATTCGAATACT	0.0
TATTTTACTT	0.0
AGGAAGC	0.0
TATTTTCTATA	0.0
GTTGGTGTTGCT	0.0
TCATATGTT	0.0
GTTCGTTC	0.0
TCATTATCATTT	0.0
GTTCTCA	0.0
GTTGAC	0.0
TCAACTTT	0.0
TATTTTTTCTCG	0.0
AGAAAAAGACCT	0.0
AGAAAAAGTAGA	0.0
GTTGTCGTCGTC	0.0
AGGAGCAGAAGT	0.0
GTGCAAAACG	0.0
GTTACACA	0.0
TTTCTCTCCTC	0.0
TTTCTTTCCAT	0.0
TTTCTTTCGTTC	0.0
TTTCTTTTATA	0.0
TACACACACACA	0.0
AAAGAGAAGGAT	0.0
AAAGAGAGAGAC	0.0
TTTCGTTCCTTC	0.0
TTTCTACTCATT	0.0
AAAGGAGAGGG	0.0
TTTCTCCTTTCC	0.0
AAAGGAAATT	0.0
AGAGGGGAT	0.0
TTTCTTATT	0.0
AAAGGAAAAGGC	0.0
AAAGAGCA	0.0
TACCCGTT	0.0
TTTAGGTGA	0.0
TTTACTTTGCTG	0.0
AAATAAACAA	0.0
TTGAAATAATT	0.0
TACATCGAG	0.0
AAATGTTC	0.0
TTTCTTCTTTTC	0.0
TTTCTTCTCTT	0.0
GTTAAGGTGTAG	0.0
TTTCCCCCTTC	0.0
AGAATCT	0.0
TATACAA	0.0
TATAAGGGT	0.0
TATAAAGG	0.0
AATTGGTG	0.0
AATTGAACAA	0.0
AAAGGGG	0.0
GTGTATATA	0.0
TTTCCCATC	0.0
GTGGTCGTGATC	0.0
TTTCCCCTA	0.0
AAAGACGACAAG	0.0
TTTCCCTCCC	0.0
TAAGAAT	0.0
TTTATATTTTA	0.0
AGATAAGATT	0.0
TAAGGAAGATA	0.0
TTTATTCGTTGT	0.0
AAAGTTTAAC	0.0
TAAGGAATAGGA	0.0
TTTCCTTTCG	0.0
TAAGTTT	0.0
AATAATCCTT	0.0
TGGCGAACGCGA	0.0
CAGAGAGAG	0.0
TTCCCCTCTCCT	0.0
CTTAACCTATTC	0.0
ACTATT	0.0
CTTCTCCTTCCT	0.0
CCACTC	0.0
TCCCCCCCCCAA	0.0
CTTCTTCCC	0.0
TCCTCCCCCCCA	0.0
CCCACTCCCCCC	0.0
CCCACCACACCC	0.0
CCCAAAAC	0.0
CTTCGTCTTCAT	0.0
CCATCTCCCCC	0.0
CTGCTTAC	0.0
TCCACCG	0.0
CTTCTTCCTCCT	0.0
CCCCCCTATCCT	0.0
CCCCCGCCG	0.0
CTCTCTCCAC	0.0
CTCTCTCCCCTC	0.0
CCCCCGCCCA	0.0
CTCTCTCCTTTT	0.0
CCCCCCTCTCTT	0.0
CTCTCTCTCCTT	0.0
CCCCCACA	0.0
CTGTGGA	0.0
CTGTCCCTATCT	0.0
ACTCATTTTTC	0.0
AAGACAAACAAC	0.0
TCCCTCT	0.0
AAGGAAGAAG	0.0
AAGGAAAGGGAG	0.0
TTATTTTCTTT	0.0
AAGAGTAAAGT	0.0
TCCCCTTCTCTC	0.0
AAGAGAAAGAGA	0.0
ACTACTTCTACT	0.0
CCCCATCCCCCT	0.0
CTTCCATCGC	0.0
CTTAACTT	0.0
CCCCACCCCACC	0.0
CCCATCCCCCC	0.0
CTTCCCCTCCTT	0.0
CTTCCCTTCTT	0.0
CTTCCGAA	0.0
CTTATCTTATT	0.0
CCCCATCCGCAT	0.0
CTGGAGCGGAG	0.0
CTGGGTGG	0.0
CTGGGTTTTG	0.0
CTCTCTCTCTCA	0.0
ACTGCC	0.0
CCCCCTCCCTTT	0.0
GAAAGGGGGAG	0.0
CTCTTCCTCTC	0.0
CCCCCCCCTTTT	0.0
CCCCCCCCGCG	0.0
CCCCCCCCCCTA	0.0
TCTCTAGCCT	0.0
GAACGCGCGCC	0.0
CAGCAGCAACAA	0.0
GAAGAAGAAAAA	0.0
GAAGAAGAGTA	0.0
GAAAGGGAGAGA	0.0
GAAAGGGGGAGG	0.0
CTCTTCCCTC	0.0
CAGAGGCGA	0.0
GAAGGAGGAGAT	0.0
GAAGGCCGAGG	0.0
GAAGGGC	0.0
CACCCCCCCCCT	0.0
CACCCCCACC	0.0
CACCACACCCC	0.0
CACCTCCCCCC	0.0
CAGAAAAACA	0.0
CAGAGCTTTT	0.0
TCCCACCCTCC	0.0
CCCCCCCCCCAA	0.0
CTCTCCTCTTCT	0.0
CCCCCCTCCCTT	0.0
CTCTATCTTT	0.0
CCCCT	0.0
CCCCGATATT	0.0
CCCCGAACCCCC	0.0
CCCCCTCTCCT	0.0
TCTCTCTTCCTT	0.0
CTCTCCCTCCC	0.0
CCCCCTTCCCTC	0.0
CTCTCCTCCTTC	0.0
CTCTCCTCCTTT	0.0
CCCCCCGCCCAC	0.0
CTCTGCTCC	0.0
CTCTCTTCTCTC	0.0
CTCTTTCTTTC	0.0
CTCTTTCTTTTT	0.0
CTGAGGTTGCAT	0.0
CCCCCCCACA	0.0
CTGCCTCC	0.0
ACAAACATACAT	0.0
CCCCCCCACG	0.0
CCCCCCCCCAA	0.0
CTCTCTTCTTTT	0.0
TCTCTCCCCTCT	0.0
TCTCTCTTCC	0.0
TCTCATCC	0.0
TTCCCCCTCCT	0.0
AATGTTTTAATA	0.0
TCTTCTTCGTCC	0.0
TCTTCTTCTCTC	0.0
TCGTCCTCCTCT	0.0
TCCTCCTCTTC	0.0
AATGATAATGAT	0.0
TCTTGCCCT	0.0
TCGGGA	0.0
TCTCTTTCTCC	0.0
TCTCTTTTTCTT	0.0
TCTGGGTTA	0.0
TCTTCACTC	0.0
TCTGTATATTC	0.0
ACATATCTTCAT	0.0
ACATCAC	0.0
AATCCATTT	0.0
TCGATTTCTT	0.0
TGAATCACGA	0.0
TCTTTTTTTCC	0.0
TGAATTACTCCA	0.0
TGAATTCTT	0.0
TCGCCATCGCAT	0.0
TCGCCGC	0.0
TCTTCTCTTCT	0.0
TCTTCTCCCT	0.0
TCTTCCTTTTTT	0.0
TGTAAC	0.0
TGATGATGTTGA	0.0
TGATGTTGT	0.0
TGCAACCTCACA	0.0
TGCAACGGTCC	0.0
TCGTCCCGTT	0.0
TGCCTTGTGA	0.0
TGGCGAG	0.0
AATAACAATAAT	0.0
ACCGGGTAC	0.0
ACATTTACGAC	0.0
TGGTTGGCCG	0.0
TGAGTAAAAAG	0.0
TGTAGG	0.0
TCGGTTCTATA	0.0
TGTATGTATATA	0.0
AATAA	0.0
TGGGAGTGCAAA	0.0
ACCCTCTTTC	0.0
TGGGGAGAG	0.0
TCGTGA	0.0
ACCCCCCCGCC	0.0
ACCACTTTCA	0.0
TCTTTCCTCCT	0.0
TCGCGC	0.0
TCTTTCCTTC	0.0
TTAGTAGTA	0.0
TTCTCGTCA	0.0
TTCTCTCATCTT	0.0
AACGGCAACGAC	0.0
TTCCTCCAGACC	0.0
TGTTATCTTC	0.0
TTAATTATT	0.0
TCCCCCCTTCTT	0.0
AAGGCTGAAGAG	0.0
ACTGACACGAA	0.0
AAGGAGTCGAG	0.0
TTATAC	0.0
TTCTCCTTTTTC	0.0
ACTGACTCACTG	0.0
TGTTATTAT	0.0
TTAAAATAAT	0.0
TTAAAT	0.0
TTAACAG	0.0
TTATACCTTT	0.0
TTATATTTTATT	0.0
TTCCCATTTC	0.0
AAGAATGTTAA	0.0
TTCAAGGTAGC	0.0
ACAAAACACAAA	0.0
TTCTCCTTTCT	0.0
TCTTTCGTTTCT	0.0
TTCCTCCTA	0.0
TCTTTCTCCCTT	0.0
TCTTTCTCCTCT	0.0
AATCCTTGG	0.0
TCTTTGTCGTCT	0.0
AATCTCCACCAC	0.0
AATCTATCT	0.0
TTCCTTTTCTTT	0.0
TCGCTCAC	0.0
AAGAAAGGA	0.0
TTCCTCCCC	0.0
TTCCTCG	0.0
TTCTCCTCTCTC	0.0
TTCCTCTTTGTT	0.0
TTCCTCTTTT	0.0
TTCCTTTCTTCT	0.0
TCGCTTCGTGCA	0.0
ACGACGGGA	0.0
TTCTACTCAG	0.0
TTCTACTTT	0.0
AACGGTG	0.0
TTCTCCCTCCT	0.0
TCTCTCTCTGTC	0.0
GAAAAAAAAACA	0.0
